{
  "source_folder": "res://Arts/factory/Corn Oven",
  "source_files": {
    "idle": "res://Arts/factory/Corn Oven/idle.anim",
    "active": "res://Arts/factory/Corn Oven/active.anim"
  },
  "missing_anim_files": [],
  "source_counts": {
    "idle": {
      "position": 0,
      "scale": 0,
      "visible": 0,
      "position_keys": 0,
      "scale_keys": 0,
      "visible_keys": 0
    },
    "active": {
      "position": 5,
      "scale": 2,
      "visible": 0,
      "position_keys": 20,
      "scale_keys": 7,
      "visible_keys": 0
    }
  },
  "missing_source_paths": [],
  "node_count": 8,
  "texture_count": 8,
  "animations": {
    "idle": {
      "length": 1.0,
      "position": {},
      "scale": {},
      "visible": {}
    },
    "active": {
      "length": 2.0833333,
      "position": {
        "may": [
          [
            0.0,
            12.0,
            -154.0
          ],
          [
            0.5833333,
            12.0,
            -159.35
          ],
          [
            1.0,
            12.0,
            -154.0
          ],
          [
            1.9166666,
            12.0,
            -154.0
          ],
          [
            2.0,
            12.0,
            -153.35
          ]
        ],
        "may/lap": [
          [
            0.0,
            -93.0,
            -6.0
          ],
          [
            1.9166666,
            -93.0,
            -8.100000000000009
          ],
          [
            2.0,
            -93.0,
            -26.200000000000003
          ],
          [
            2.0833333,
            -93.0,
            -9.900000000000006
          ]
        ],
        "phukien1": [
          [
            0.0,
            134.0,
            -80.0
          ],
          [
            0.41666666,
            134.0,
            -80.0
          ],
          [
            0.5833333,
            134.0,
            -105.69999999999999
          ],
          [
            0.75,
            134.0,
            -80.0
          ]
        ],
        "phukien2": [
          [
            0.0,
            156.0,
            -68.0
          ],
          [
            0.8333333,
            156.0,
            -68.0
          ],
          [
            1.0,
            156.0,
            -112.4
          ],
          [
            1.1666666,
            156.0,
            -68.0
          ]
        ],
        "may2": [
          [
            0.0,
            101.00000000000003,
            -79.0
          ],
          [
            0.16666667,
            101.00000000000003,
            -82.73
          ],
          [
            0.33333334,
            101.00000000000003,
            -76.27
          ]
        ]
      },
      "scale": {
        "may": [
          [
            0.0,
            1.0,
            0.9538468
          ],
          [
            0.5833333,
            1.0,
            1.0
          ],
          [
            1.0,
            1.0,
            0.9538468
          ],
          [
            1.9166666,
            1.0,
            0.9538468
          ]
        ],
        "may2": [
          [
            0.0,
            1.0,
            1.0
          ],
          [
            0.16666667,
            1.0,
            1.0810782
          ],
          [
            0.33333334,
            1.0,
            0.9407507
          ]
        ]
      },
      "visible": {}
    }
  }
}