{
  "source_folder": "res://Arts/Sprint2/Factory/phase3/wok",
  "source_files": {
    "idle": "res://Arts/Sprint2/Factory/phase3/wok/idle.anim",
    "active": "res://Arts/Sprint2/Factory/phase3/wok/active.anim"
  },
  "missing_anim_files": [],
  "source_counts": {
    "idle": {
      "position": 0,
      "scale": 0,
      "visible": 3,
      "position_keys": 0,
      "scale_keys": 0,
      "visible_keys": 3
    },
    "active": {
      "position": 4,
      "scale": 2,
      "visible": 3,
      "position_keys": 26,
      "scale_keys": 2,
      "visible_keys": 3
    }
  },
  "missing_source_paths": [],
  "node_count": 6,
  "texture_count": 5,
  "animations": {
    "idle": {
      "length": 1.0,
      "position": {},
      "scale": {},
      "visible": {
        "wok_product_1": [
          [
            0.0,
            0.0
          ]
        ],
        "wok_product": [
          [
            0.0,
            0.0
          ]
        ],
        "wok_fire": [
          [
            0.0,
            0.0
          ]
        ]
      }
    },
    "active": {
      "length": 1.0,
      "position": {
        "wok_product_1": [
          [
            0.0,
            111.00000000000001,
            65.0
          ],
          [
            0.16666667,
            111.00000000000001,
            47.0
          ],
          [
            0.33333334,
            111.00000000000001,
            61.0
          ],
          [
            0.5,
            111.00000000000001,
            46.0
          ],
          [
            0.6666667,
            111.00000000000001,
            61.0
          ],
          [
            0.8333333,
            111.00000000000001,
            51.0
          ],
          [
            1.0,
            111.00000000000001,
            64.0
          ]
        ],
        "wok_product": [
          [
            0.0,
            50.0,
            99.99994
          ],
          [
            0.083333336,
            50.0,
            80.99999999999999
          ],
          [
            0.25,
            50.0,
            99.99999999999999
          ],
          [
            0.41666666,
            58.0,
            80.99999999999999
          ],
          [
            0.5833333,
            49.0,
            97.99999999999999
          ],
          [
            0.75,
            49.0,
            84.99999999999999
          ],
          [
            0.9166667,
            49.0,
            98.99999999999999
          ]
        ],
        "wok_lidwok": [
          [
            0.0,
            -102.0,
            7.000000000000001
          ],
          [
            0.16666667,
            -105.0,
            -31.0
          ],
          [
            0.33333334,
            -105.0,
            7.999999999999999
          ],
          [
            0.5,
            -105.0,
            -16.0
          ],
          [
            0.6666667,
            -105.0,
            7.999999999999999
          ],
          [
            0.8333333,
            -105.0,
            -14.000000000000002
          ],
          [
            1.0,
            -105.0,
            9.0
          ]
        ],
        "wok_wok": [
          [
            0.0,
            -100.0,
            12.0
          ],
          [
            0.6666667,
            -100.0,
            13.0
          ],
          [
            0.75,
            -100.0,
            12.0
          ],
          [
            0.8333333,
            -100.0,
            6.0
          ],
          [
            1.0,
            -100.0,
            12.0
          ]
        ]
      },
      "scale": {
        "wok_product_1": [
          [
            0.0,
            1.0,
            1.0
          ]
        ],
        "wok_product": [
          [
            0.0,
            1.0,
            1.0
          ]
        ]
      },
      "visible": {
        "wok_product_1": [
          [
            0.0,
            1.0
          ]
        ],
        "wok_product": [
          [
            0.0,
            1.0
          ]
        ],
        "wok_fire": [
          [
            0.0,
            1.0
          ]
        ]
      }
    }
  }
}