{
  "source_folder": "res://Arts/factory/Food _Processor",
  "source_files": {
    "idle": "res://Arts/factory/Food _Processor/idle.anim",
    "active": "res://Arts/factory/Food _Processor/active.anim"
  },
  "missing_anim_files": [],
  "source_counts": {
    "idle": {
      "position": 0,
      "scale": 0,
      "visible": 5,
      "position_keys": 0,
      "scale_keys": 0,
      "visible_keys": 5
    },
    "active": {
      "position": 4,
      "scale": 1,
      "visible": 0,
      "position_keys": 15,
      "scale_keys": 6,
      "visible_keys": 0
    }
  },
  "missing_source_paths": [],
  "node_count": 7,
  "texture_count": 5,
  "animations": {
    "idle": {
      "length": 1.0,
      "position": {},
      "scale": {},
      "visible": {
        "nguyenlieu2": [
          [
            0.0,
            0.0
          ]
        ],
        "thung/nguyenlieu": [
          [
            0.0,
            0.0
          ]
        ],
        "bao_2": [
          [
            0.0,
            0.0
          ]
        ],
        "bao_1": [
          [
            0.0,
            0.0
          ]
        ],
        "bao": [
          [
            0.0,
            0.0
          ]
        ]
      }
    },
    "active": {
      "length": 1.5833334,
      "position": {
        "thung": [
          [
            0.0,
            -98.0,
            -36.0
          ],
          [
            0.5,
            -98.0,
            -50.59
          ],
          [
            1.0,
            -98.0,
            -36.0
          ],
          [
            1.1666666,
            -98.0,
            -36.0
          ],
          [
            1.25,
            -98.0,
            -36.0
          ],
          [
            1.3333334,
            -98.0,
            -36.0
          ]
        ],
        "bao_1": [
          [
            0.25,
            62.7,
            -32.6
          ],
          [
            0.33333334,
            62.7,
            -51.60000000000001
          ],
          [
            0.41666666,
            62.7,
            -32.6
          ]
        ],
        "bao_2": [
          [
            0.6666667,
            81.30000000000001,
            -5.200000000000003
          ],
          [
            0.75,
            81.30000000000001,
            -46.8
          ],
          [
            0.8333333,
            81.30000000000001,
            -5.200000000000003
          ]
        ],
        "bao": [
          [
            1.4166666,
            36.0,
            -56.0
          ],
          [
            1.5,
            36.0,
            -77.30000000000003
          ],
          [
            1.5833334,
            36.0,
            -56.0
          ]
        ]
      },
      "scale": {
        "thung": [
          [
            0.0,
            1.0,
            0.9
          ],
          [
            0.5,
            1.0,
            1.1
          ],
          [
            1.0,
            1.0,
            0.89600366
          ],
          [
            1.1666666,
            1.0,
            0.89600366
          ],
          [
            1.3333334,
            1.0,
            0.89600366
          ],
          [
            1.5833334,
            1.0,
            0.9
          ]
        ]
      },
      "visible": {}
    }
  }
}